{"accuracy": [0.4898333251476288, 0.4909999966621399, 0.5288333296775818, 0.5293333530426025, 0.5298333168029785, 0.5301666855812073, 0.5316666960716248, 0.531333327293396, 0.531000018119812, 0.5301666855812073, 0.5301666855812073, 0.531499981880188, 0.5304999947547913, 0.531000018119812, 0.5298333168029785, 0.5318333506584167, 0.5366666913032532, 0.5561666488647461, 0.5776666402816772, 0.5803333520889282, 0.5903333425521851, 0.5924999713897705, 0.5950000286102295, 0.5985000133514404, 0.6004999876022339, 0.5921666622161865, 0.5995000004768372, 0.6035000085830688, 0.6119999885559082, 0.6141666769981384, 0.6076666712760925, 0.6085000038146973, 0.6101666688919067, 0.6171666383743286, 0.6190000176429749, 0.6146666407585144, 0.6211666464805603, 0.6234999895095825, 0.6203333139419556, 0.6241666674613953, 0.624666690826416, 0.6313333511352539, 0.6238333582878113, 0.6234999895095825, 0.6291666626930237, 0.6290000081062317, 0.6313333511352539, 0.6340000033378601, 0.6238333582878113, 0.6276666522026062, 0.6201666593551636, 0.624833345413208, 0.6293333172798157, 0.6293333172798157, 0.6274999976158142], "loss": [0.8764341473579407, 0.7056187987327576, 0.6979267001152039, 0.6946917176246643, 0.6943967938423157, 0.6917905807495117, 0.6919887065887451, 0.6934871673583984, 0.6910493969917297, 0.6916223168373108, 0.6911990642547607, 0.6903350949287415, 0.6871458888053894, 0.6866390705108643, 0.6823553442955017, 0.6797800064086914, 0.6756079196929932, 0.6718504428863525, 0.6687150597572327, 0.6657819747924805, 0.6664255261421204, 0.6600356101989746, 0.6539592742919922, 0.6544517278671265, 0.6510846018791199, 0.6545060873031616, 0.6522695422172546, 0.6473369002342224, 0.6432205438613892, 0.6510323882102966, 0.6497716903686523, 0.6470023989677429, 0.6447497010231018, 0.6454716920852661, 0.6414074301719666, 0.6439334154129028, 0.6391576528549194, 0.6369622349739075, 0.6385820508003235, 0.6401994228363037, 0.6371955871582031, 0.6374430656433105, 0.6411355137825012, 0.6362165808677673, 0.6333996653556824, 0.6385058760643005, 0.637734591960907, 0.6365412473678589, 0.6409456729888916, 0.6355611085891724, 0.6400837898254395, 0.6358485221862793, 0.6327224969863892, 0.6354253888130188, 0.6405360698699951], "val_accuracy": [0.4699999988079071, 0.5328571200370789, 0.5303571224212646, 0.5303571224212646, 0.5303571224212646, 0.5303571224212646, 0.5303571224212646, 0.5303571224212646, 0.5303571224212646, 0.5303571224212646, 0.5303571224212646, 0.5303571224212646, 0.5303571224212646, 0.5303571224212646, 0.5303571224212646, 0.5303571224212646, 0.6167857050895691, 0.631428599357605, 0.6378571391105652, 0.621071457862854, 0.6378571391105652, 0.6371428370475769, 0.6474999785423279, 0.6499999761581421, 0.6503571271896362, 0.6510714292526245, 0.6482142806053162, 0.6557142734527588, 0.6535714268684387, 0.6489285826683044, 0.6503571271896362, 0.6510714292526245, 0.6521428823471069, 0.6407142877578735, 0.645714282989502, 0.647857129573822, 0.6449999809265137, 0.6424999833106995, 0.6424999833106995, 0.6485714316368103, 0.6453571319580078, 0.6464285850524902, 0.6485714316368103, 0.6503571271896362, 0.6449999809265137, 0.6464285850524902, 0.6474999785423279, 0.6467857360839844, 0.6464285850524902, 0.6471428275108337, 0.6428571343421936, 0.6507142782211304, 0.6471428275108337, 0.6432142853736877, 0.647857129573822], "val_loss": [0.6938883066177368, 0.6930841207504272, 0.69193434715271, 0.6917664408683777, 0.6915550231933594, 0.6912006735801697, 0.6908516883850098, 0.6909555196762085, 0.6906632781028748, 0.6900591850280762, 0.6885970830917358, 0.6864041686058044, 0.6823468208312988, 0.6785420775413513, 0.6766487956047058, 0.6695467233657837, 0.6685452461242676, 0.6527065634727478, 0.6526924967765808, 0.6581599116325378, 0.6384552121162415, 0.6427953839302063, 0.6307554841041565, 0.6320004463195801, 0.6266042590141296, 0.6251400709152222, 0.6268389225006104, 0.6220055818557739, 0.6225045323371887, 0.6231623888015747, 0.6269356608390808, 0.6217074394226074, 0.6215124726295471, 0.6178813576698303, 0.6178435683250427, 0.6179601550102234, 0.6177534461021423, 0.62132728099823, 0.6183321475982666, 0.6176836490631104, 0.6179459691047668, 0.6151971220970154, 0.6163366436958313, 0.6170790791511536, 0.613673746585846, 0.6150489449501038, 0.6143481731414795, 0.6149905323982239, 0.6158019304275513, 0.6127734184265137, 0.6160686612129211, 0.6135798692703247, 0.6146151423454285, 0.6133824586868286, 0.6151089668273926]}