{"accuracy": [0.4946853816509247, 0.5274234414100647, 0.5295493006706238, 0.5482568144798279, 0.5584608912467957, 0.5535714030265808, 0.5633503198623657, 0.5635629296302795, 0.5571853518486023, 0.5571853518486023, 0.5605867505073547, 0.5627126097679138, 0.5684523582458496, 0.5616496801376343, 0.5614370703697205, 0.5756802558898926, 0.5741921663284302, 0.5673894286155701, 0.5748299360275269, 0.5765306353569031, 0.5763180255889893, 0.5814200639724731, 0.5833333134651184, 0.5780187249183655, 0.5905612111091614, 0.5969387888908386, 0.6007652878761292, 0.5997023582458496, 0.6111819744110107, 0.6181972622871399, 0.6224489808082581, 0.6186224222183228, 0.6320152878761292, 0.6039540767669678, 0.6171343326568604, 0.6196853518486023, 0.6152210831642151, 0.620323121547699, 0.6241496801376343, 0.625, 0.6392431855201721, 0.6124574542045593, 0.6284013390541077, 0.6209608912467957, 0.6360543966293335, 0.6305271983146667, 0.6252126097679138, 0.6271258592605591, 0.6277636289596558, 0.6239370703697205, 0.6213860511779785, 0.6288265585899353, 0.6298894286155701, 0.6311649680137634], "loss": [0.9302922487258911, 0.7197524905204773, 0.706296443939209, 0.693255603313446, 0.6896345019340515, 0.6892638206481934, 0.6865293979644775, 0.6858844757080078, 0.686677873134613, 0.6857898831367493, 0.6859420537948608, 0.6828401684761047, 0.6802623867988586, 0.6828946471214294, 0.6796438694000244, 0.6750633716583252, 0.6747004389762878, 0.6729140281677246, 0.672046422958374, 0.6628419756889343, 0.6585208773612976, 0.6579397320747375, 0.65430748462677, 0.6546375155448914, 0.6444281935691833, 0.6461496353149414, 0.6413121819496155, 0.6400032043457031, 0.6372938752174377, 0.6313514709472656, 0.6356449127197266, 0.6281918287277222, 0.6275753378868103, 0.6317662000656128, 0.626730740070343, 0.6293184161186218, 0.6273999810218811, 0.6260466575622559, 0.6268455982208252, 0.6189470291137695, 0.6204591989517212, 0.6219701170921326, 0.6246896386146545, 0.6176251769065857, 0.6135771870613098, 0.6139988303184509, 0.6143487095832825, 0.6167284250259399, 0.6162416338920593, 0.6216135621070862, 0.6167935729026794, 0.6123970746994019, 0.6141104698181152, 0.6135296821594238], "val_accuracy": [0.5448747277259827, 0.5457859039306641, 0.5457859039306641, 0.5457859039306641, 0.5462414622306824, 0.5462414622306824, 0.5503416657447815, 0.5517084002494812, 0.5612756013870239, 0.5594533085823059, 0.5621867775917053, 0.5649202466011047, 0.5658314228057861, 0.5872437357902527, 0.5653758645057678, 0.5840546488761902, 0.5813211798667908, 0.5867881774902344, 0.5817767381668091, 0.6164008975028992, 0.6127562522888184, 0.6077448725700378, 0.6191344261169434, 0.6123006939888, 0.6227790713310242, 0.626423716545105, 0.6273348331451416, 0.6186788082122803, 0.6309794783592224, 0.6332573890686035, 0.6227790713310242, 0.6332573890686035, 0.6359909176826477, 0.6277904510498047, 0.6318906545639038, 0.6346241235733032, 0.6341685652732849, 0.6314350962638855, 0.6314350962638855, 0.644646942615509, 0.6423690319061279, 0.638268768787384, 0.636446475982666, 0.6387243866920471, 0.6396355628967285, 0.6378132104873657, 0.6359909176826477, 0.6250569224357605, 0.638268768787384, 0.6369020342826843, 0.6296127438545227, 0.6291571855545044, 0.638268768787384, 0.6318906545639038], "val_loss": [0.696002185344696, 0.6896199584007263, 0.688342273235321, 0.6874405145645142, 0.6869688630104065, 0.686858057975769, 0.6859673261642456, 0.6852982640266418, 0.6832370162010193, 0.682310938835144, 0.6813340187072754, 0.679118812084198, 0.6758200526237488, 0.6737213134765625, 0.6722435355186462, 0.6663048267364502, 0.6641107797622681, 0.6606684327125549, 0.6574633121490479, 0.6511464715003967, 0.6465020179748535, 0.6398266553878784, 0.6343238949775696, 0.6340274214744568, 0.6247851252555847, 0.6218423843383789, 0.6197726726531982, 0.6160402297973633, 0.6114232540130615, 0.608150839805603, 0.6091204881668091, 0.606188178062439, 0.6075288653373718, 0.6039783954620361, 0.6003174185752869, 0.6040021181106567, 0.5980753302574158, 0.5994858741760254, 0.595909595489502, 0.5917624235153198, 0.5914971232414246, 0.598026692867279, 0.5956960916519165, 0.592913031578064, 0.5890712141990662, 0.5875489115715027, 0.5910090804100037, 0.5883560180664062, 0.5863528847694397, 0.590855062007904, 0.5880435705184937, 0.5874307751655579, 0.5864237546920776, 0.588611900806427]}